<?xml version="1.0" encoding="UTF-8"?>
<!DOCTYPE codetemplates PUBLIC "-//NetBeans//DTD Editor Code Templates settings 1.0//EN" "http://www.netbeans.org/dtds/EditorCodeTemplates-1_0.dtd">
<codetemplates>
    <codetemplate abbreviation="jaxbm" xml:space="preserve">
        <code><![CDATA[try {            
                javax.xml.bind.JAXBContext jaxbCtx= javax.xml.bind.JAXBContext.newInstance( ${OBJ2M instanceof="java.lang.Object" default="obj2BMarshalled"}.getClass().getPackage().getName());
                javax.xml.bind.Marshaller marshaller = jaxbCtx.createMarshaller();
                marshaller.setProperty(javax.xml.bind.Marshaller.JAXB_ENCODING, "UTF-8"); //NOI18N
                marshaller.setProperty(javax.xml.bind.Marshaller.JAXB_FORMATTED_OUTPUT, Boolean.TRUE);
                marshaller.marshal(${OBJ2M} , System.out);
            } catch (javax.xml.bind.JAXBException ex) {
                // XXXTODO Handle exception
                java.util.logging.Logger.getLogger("global").log(java.util.logging.Level.SEVERE, null, ex); //NOI18N
        }]]></code>
        <description><![CDATA[Sample template to marshal JAXB objects.]]></description>
    </codetemplate>
    <codetemplate abbreviation="fcom" xml:space="preserve">
        <code><![CDATA[//<editor-fold defaultstate="collapsed" desc=" ${comment} ">
${selection}${cursor}
//</editor-fold>
]]></code>
    </codetemplate>
    <codetemplate abbreviation="cchash" xml:space="preserve">
        <code><![CDATA[//<editor-fold defaultstate="collapsed" desc=" entity hash base ">
    @Id
    @GeneratedValue(strategy = GenerationType.IDENTITY)
    private Long id;
    @Column(length = 32)
    private String logCreatedBy;
    @Temporal(value = TemporalType.TIMESTAMP)
    private Date logCreatedOn;
    @Column(length = 32)
    private String logChangedBy;
    @Temporal(value = TemporalType.TIMESTAMP)
    private Date logChangedOn;
    @Version
    private Integer logSaveTimes = 0;
    @Column(name = "key_")
    private String key;
    @Column(name = "value_")
    private String value;
    @Column(length = Integer.MAX_VALUE)
    private byte[] file;

    @Override
    public Long getId() {
        return id;
    }

    @Override
    public void setId(Long id) {
        this.id = id;
    }

    @Override
    public String getLogCreatedBy() {
        return logCreatedBy;
    }

    @Override
    public void setLogCreatedBy(String logCreatedBy) {
        this.logCreatedBy = logCreatedBy;
    }

    @Override
    public Date getLogCreatedOn() {
        return logCreatedOn;
    }

    @Override
    public void setLogCreatedOn(Date logCreatedOn) {
        this.logCreatedOn = logCreatedOn;
    }

    @Override
    public String getLogChangedBy() {
        return logChangedBy;
    }

    @Override
    public void setLogChangedBy(String logChangedBy) {
        this.logChangedBy = logChangedBy;
    }

    @Override
    public Date getLogChangedOn() {
        return logChangedOn;
    }

    @Override
    public void setLogChangedOn(Date logChangedOn) {
        this.logChangedOn = logChangedOn;
    }

    @Override
    public Integer getLogSaveTimes() {
        return logSaveTimes;
    }

    @Override
    public void setLogSaveTimes(Integer logSaveTimes) {
        this.logSaveTimes = logSaveTimes;
    }

    @Override
    public String getKey() {
        return key;
    }

    @Override
    public void setKey(String key) {
        this.key = key;
    }

    @Override
    public String getValue() {
        return value;
    }

    @Override
    public void setValue(String value) {
        this.value = value;
    }

    @Override
    public byte[] getFile() {
        return file;
    }

    @Override
    public void setFile(byte[] file) {
        this.file = file;
    }
//</editor-fold>
]]></code>
        <description><![CDATA[entity hash base]]></description>
    </codetemplate>
    <codetemplate abbreviation="ccbase" xml:space="preserve">
        <code><![CDATA[//<editor-fold defaultstate="collapsed" desc=" entity base ">
    @Id
    @GeneratedValue(strategy = GenerationType.IDENTITY)
    private Long id;
    @Column(length = 32)
    private String logCreatedBy;
    @Temporal(value = TemporalType.TIMESTAMP)
    private Date logCreatedOn;
    @Column(length = 32)
    private String logChangedBy;
    @Temporal(value = TemporalType.TIMESTAMP)
    private Date logChangedOn;
    @Version
    private Integer logSaveTimes = 0;

    @Override
    public Long getId() {
        return id;
    }

    @Override
    public void setId(Long id) {
        this.id = id;
    }

    @Override
    public String getLogCreatedBy() {
        return logCreatedBy;
    }

    @Override
    public void setLogCreatedBy(String logCreatedBy) {
        this.logCreatedBy = logCreatedBy;
    }

    @Override
    public Date getLogCreatedOn() {
        return logCreatedOn;
    }

    @Override
    public void setLogCreatedOn(Date logCreatedOn) {
        this.logCreatedOn = logCreatedOn;
    }

    @Override
    public String getLogChangedBy() {
        return logChangedBy;
    }

    @Override
    public void setLogChangedBy(String logChangedBy) {
        this.logChangedBy = logChangedBy;
    }

    @Override
    public Date getLogChangedOn() {
        return logChangedOn;
    }

    @Override
    public void setLogChangedOn(Date logChangedOn) {
        this.logChangedOn = logChangedOn;
    }

    @Override
    public Integer getLogSaveTimes() {
        return logSaveTimes;
    }

    @Override
    public void setLogSaveTimes(Integer logSaveTimes) {
        this.logSaveTimes = logSaveTimes;
    }
//</editor-fold>
]]></code>
        <description><![CDATA[entity base]]></description>
    </codetemplate>
    <codetemplate abbreviation="jaxbu" xml:space="preserve">
        <code><![CDATA[
            try {
                javax.xml.bind.JAXBContext jaxbCtx = javax.xml.bind.JAXBContext.newInstance(${UM_OBJ instanceof="java.lang.Object" default="umObj"}.getClass().getPackage().getName());
                javax.xml.bind.Unmarshaller unmarshaller = jaxbCtx.createUnmarshaller();
                ${UM_OBJ} = ${TYPE_CAST cast default=""} unmarshaller.unmarshal(new java.io.File("File path")); //NOI18N
            } catch (javax.xml.bind.JAXBException ex) {
                // XXXTODO Handle exception
                java.util.logging.Logger.getLogger("global").log(java.util.logging.Level.SEVERE, null, ex); //NOI18N
            }
        ]]></code>
        <description><![CDATA[Sample template to unmarshal JAXB objects.]]></description>
    </codetemplate>
    <codetemplate abbreviation="bcom" remove="true"/>
</codetemplates>
